"parameter","true","est_1111","bias_1111","est_0111","bias_0111","est_1011","bias_1011","est_1101","bias_1101","est_0101","bias_0101","est_1001","bias_1001","est_d0dd","bias_d0dd","est_0ddd","bias_0ddd","est_dddd","bias_dddd","est_0011","bias_0011","est_000d","bias_000d"
"beta_intercept_y1",0.2,0.181790033930578,-0.0182099660694219,0.420176297966447,0.220176297966446,0.148145573182644,-0.0518544268173559,0.361613108336849,0.161613108336849,0.611161546591771,0.411161546591771,0.305712001130798,0.105712001130798,0.224928148240782,0.0249281482407818,0.409018548671325,0.209018548671325,0.242619690179774,0.0426196901797743,0.406103052819827,0.206103052819827,0.597609459550343,0.397609459550343
"beta_intercept_y2",-0.1,-0.0897269193875767,0.0102730806124234,-0.113572191654243,-0.0135721916542429,-0.0648390618577342,0.0351609381422658,-0.136699583383393,-0.0366995833833928,-0.106632318422703,-0.00663231842270307,-0.0707179892211034,0.0292820107788967,-0.00555476898454397,0.094445231015456,-0.0774318623570576,0.0225681376429424,-0.00922023474560994,0.0907797652543901,-0.100645339910462,-0.000645339910461867,-0.109800480640695,-0.00980048064069539
"beta_x_common1_y1",1.2,1.17635916799188,-0.0236408320081247,1.11369509323839,-0.0863049067616097,1.17894255352968,-0.0210574464703168,1.0974379761142,-0.102562023885797,1.06602564387437,-0.133974356125629,1.0924188613417,-0.107581138658297,1.17225530079204,-0.0277446992079615,1.11801914105265,-0.0819808589473514,1.17302509779354,-0.0269749022064569,1.17390346047506,-0.0260965395249411,1.0821107356051,-0.117889264394897
"beta_x_common1_y2",0.8,0.783088267914402,-0.0169117320855982,0.72618502589213,-0.0738149741078696,0.782983295803879,-0.0170167041961213,0.773547641051562,-0.0264523589484379,0.736603372643718,-0.0633966273562823,0.761556765788683,-0.0384432342113169,0.767520077413671,-0.0324799225863291,0.717681893273868,-0.0823181067261325,0.765920197234588,-0.0340798027654116,0.801845876619986,0.00184587661998603,0.788400116424096,-0.0115998835759042
"beta_x_common2_y1",-0.6,-0.588947464646052,0.0110525353539485,-0.558490693685187,0.0415093063148125,-0.590862140745055,0.00913785925494448,-0.555472757875095,0.044527242124905,-0.547045379184419,0.0529546208155809,-0.549089985687156,0.0509100143128439,-0.587888730548017,0.0121112694519825,-0.558322059653666,0.0416779403463343,-0.588495964774159,0.0115040352258409,-0.59675326522092,0.00324673477908022,-0.559082336098174,0.0409176639018258
"beta_x_common2_y2",-0.3,-0.337659547936176,-0.0376595479361764,-0.315662150520432,-0.0156621505204322,-0.333222924354799,-0.0332229243547989,-0.314044628532166,-0.014044628532166,-0.30351637568126,-0.00351637568126034,-0.302666502632286,-0.00266650263228574,-0.329107382253298,-0.0291073822532978,-0.315591443007521,-0.0155914430075205,-0.332527895876427,-0.0325278958764269,-0.346168442934326,-0.0461684429343259,-0.314864865838782,-0.0148648658387817
"beta_x_specific1_1_y1",0.8,0.786388316573091,-0.0136116834269089,0.756086543953472,-0.0439134560465285,0.782289877675502,-0.0177101223244982,0.799978320364804,-2.16796351959481e-05,0.778188752545893,-0.0218112474541072,0.797455810567545,-0.00254418943245538,0.785133625406592,-0.0148663745934079,0.755978355644714,-0.0440216443552864,0.783015428930736,-0.0169845710692643,0.808295874352722,0.00829587435272194,0.872189701212434,0.0721897012124343
"beta_x_specific2_1_y2",0.5,0.481625126525734,-0.0183748734742664,0.46193728230436,-0.0380627176956395,0.480112037609672,-0.0198879623903279,0.510744077471964,0.0107440774719637,0.491168229224882,-0.00883177077511821,0.502530012846736,0.00253001284673626,0.474874784535912,-0.0251252154640879,0.459472788891135,-0.0405272111088653,0.478300166650566,-0.021699833349434,0.485468743428705,-0.0145312565712949,0.545375835502818,0.0453758355028179
"R[1,1]",0.45,0.365847420900235,-0.0841525790997651,,,0.414403595823191,-0.035596404176809,0.367284235194765,-0.082715764805235,,,0.461693681220929,0.0116936812209294,0.318168168410217,-0.131831831589783,,,0.285568192710232,-0.164431807289768,,,,
"R[1,2]",0.15,-0.121932076232842,-0.271932076232842,,,-0.164950367242621,-0.314950367242621,-0.192764363562765,-0.342764363562765,,,-0.184778656466256,-0.334778656466256,0,-0.15,,,0,-0.15,,,,
"R[2,1]",0.1,0.0599192459943343,-0.0400807540056657,,,0.0314711330838057,-0.0685288669161943,0.104768451175441,0.00476845117544085,,,0.0580175324254959,-0.0419824675745041,0,-0.1,,,0,-0.1,,,,
"R[2,2]",0.35,0.345326381032579,-0.00467361896742113,,,0.395714737332132,0.0457147373321318,0.226184494882221,-0.123815505117779,,,0.477866324521376,0.127866324521376,0.416601127536897,0.0666011275368967,,,0.392036335834723,0.0420363358347228,,,,
"Lambda[1,1]",0.22,0.263939616299248,0.0439396162992478,0.884945717381436,0.664945717381436,,,0.274116764411302,0.0541167644113023,0.847052360876063,0.627052360876063,,,,,0.764437586479121,0.544437586479121,0.373109397549429,0.153109397549429,,,,
"Lambda[1,2]",0.08,-0.0879107606304833,-0.167910760630483,-0.173420322165129,-0.253420322165129,,,-0.100425506512194,-0.180425506512194,-0.41410898230312,-0.49410898230312,,,,,0,-0.08,0,-0.08,,,,
"Lambda[2,1]",0.05,-0.0573449229800076,-0.107344922980008,0.234084892352934,0.184084892352934,,,0.0423270278058082,-0.00767297219419178,0.311771590676297,0.261771590676297,,,,,0,-0.05,0,-0.05,,,,
"Lambda[2,2]",0.17,0.222207131926818,0.0522071319268178,0.718856052888049,0.548856052888049,,,0.358214134811115,0.188214134811115,0.492812809246008,0.322812809246008,,,,,0.755956295127837,0.585956295127837,0.20081722426941,0.0308172242694099,,,,
"A[1,1]",0.55,0.559012246375021,0.00901224637502096,0.534918082919242,-0.015081917080758,0.555626495924565,0.00562649592456455,,,,,,,0.56353950831499,0.0135395083149895,0.546911381069177,-0.00308861893082335,0.567554385062865,0.0175543850628652,0.569524847687705,0.0195248476877046,,
"A[1,2]",0.05,0.0194858596664017,-0.0305141403335983,0.0245120611902279,-0.0254879388097721,0.0250237330153198,-0.0249762669846802,,,,,,,,,,,,,0.0223564297347874,-0.0276435702652126,,
"A[2,1]",0.1,0.0964629215132047,-0.00353707848679531,0.0872267320148145,-0.0127732679851855,0.0954897451018048,-0.00451025489819516,,,,,,,,,,,,,0.0848728665414915,-0.0151271334585085,,
"A[2,2]",0.65,0.657001800260213,0.00700180026021324,0.634429210872845,-0.0155707891271554,0.654243100250248,0.00424310025024843,,,,,,,0.753734170905695,0.103734170905695,0.731358342572173,0.0813583425721729,0.757388422345114,0.107388422345114,0.725604690195709,0.0756046901957088,,
"Sigma[1,1]",0.1,0.0986068352888888,-0.0013931647111112,0.110049020880424,0.0100490208804241,0.10160241489551,0.0016024148955095,0.928176426308592,0.828176426308592,0.940721650429724,0.840721650429724,0.928517338640659,0.828517338640659,0.107311532999737,0.00731153299973664,0.109716894655787,0.00971689465578682,0.100530248286432,0.00053024828643175,0.179829310363259,0.0798293103632592,1.05605341489686,0.956053414896861
"Sigma[1,2]",0.03,0.033246580576283,0.00324658057628296,0.0426241292000046,0.0126241292000046,0.0329862691434138,0.00298626914341375,0.609277860537006,0.579277860537006,0.60909247426464,0.57909247426464,0.610368872698174,0.580368872698174,0,-0.03,0,-0.03,0,-0.03,0.0780506009846131,0.0480506009846131,0,-0.03
"Sigma[2,2]",0.1,0.10138063580072,0.00138063580071991,0.114225232241552,0.0142252322415519,0.102897784072394,0.00289778407239401,0.728838920914707,0.628838920914707,0.716249848799687,0.616249848799687,0.737440853749223,0.637440853749223,0.115546246129354,0.0155462461293538,0.125668021017688,0.0256680210176883,0.114110009083431,0.0141100090834313,0.189143002615963,0.0891430026159627,0.956095503236933,0.856095503236933
