"parameter","estimate.1111","se_psi.1111","se_hessian.1111","signif_psi.1111","signif_hessian.1111","estimate.0111","se_psi.0111","se_hessian.0111","signif_psi.0111","signif_hessian.0111","estimate.1011","se_psi.1011","se_hessian.1011","signif_psi.1011","signif_hessian.1011","estimate.1101","se_psi.1101","se_hessian.1101","signif_psi.1101","signif_hessian.1101","estimate.0101","se_psi.0101","se_hessian.0101","signif_psi.0101","signif_hessian.0101","estimate.1001","se_psi.1001","se_hessian.1001","signif_psi.1001","signif_hessian.1001","estimate.d0dd","se_psi.d0dd","se_hessian.d0dd","signif_psi.d0dd","signif_hessian.d0dd","estimate.0ddd","se_psi.0ddd","se_hessian.0ddd","signif_psi.0ddd","signif_hessian.0ddd","estimate.dddd","se_psi.dddd","se_hessian.dddd","signif_psi.dddd","signif_hessian.dddd","estimate.0011","se_psi.0011","se_hessian.0011","signif_psi.0011","signif_hessian.0011","estimate.000d","se_psi.000d","se_hessian.000d","signif_psi.000d","signif_hessian.000d"
"beta_intercept_y1",0.19180324580121,0.020187108419067,0.0277654574728251,"***","***",0.415948608334965,0.0653417620697305,0.0654247156465634,"***","***",0.154978056569519,0.0168900185192899,0.02537848883388,"***","***",0.421451170437831,0.0569450289300101,0.062304820002387,"***","***",0.607156608726911,0.0847405318660579,0.0847690528017134,"***","***",0.339499845459042,0.0482434200826259,0.0607532056692772,"***","***",0.224928148240782,0.019937639610265,,"***","",0.409018548671325,0.0704139111300779,,"***","",0.242619690179774,0.0293636573206181,,"***","",0.406103052819827,0.0226213916513604,,"***","",0.597609459550343,0.0514147329945994,,"***",""
"beta_x_common1_y1",1.17605103723119,0.0162060262649108,0.0162833777820791,"***","***",1.11563051597264,0.0161512412532488,0.0163085148093379,"***","***",1.17856641650532,0.0165044123920639,0.0165632885783347,"***","***",1.09195121703295,0.0491202585450562,0.0492097550653164,"***","***",1.06605449624128,0.0476986524238558,0.0477878195838744,"***","***",1.09082660446779,0.049489346610192,0.0495772588730525,"***","***",1.17225530079204,0.0169016617095944,,"***","",1.11801914105265,0.0160645079753843,,"***","",1.17302509779354,0.0162538903019918,,"***","",1.17390346047506,0.0221029661600627,,"***","",1.0821107356051,0.0527670005984511,,"***",""
"beta_x_common2_y1",-0.589026497220642,0.0159864034123645,0.0160104895783052,"***","***",-0.558753102322463,0.0160846751818863,0.0161314999795093,"***","***",-0.590811818368696,0.0162418982087012,0.0162642610063283,"***","***",-0.552208590263073,0.0486960764423151,0.0487166679049163,"***","***",-0.54136096172019,0.0475172345426815,0.0475631824103243,"***","***",-0.549028220690346,0.0489666429969356,0.0489974430116096,"***","***",-0.587888730548017,0.0167030324479598,,"***","",-0.558322059653666,0.0160609502059501,,"***","",-0.588495964774159,0.0159502360442747,,"***","",-0.59675326522092,0.0217462797334868,,"***","",-0.559082336098174,0.0523118119521206,,"***",""
"beta_x_specific1_1_y1",0.786110566107322,0.0149818331063749,0.015012359578497,"***","***",0.757472571751018,0.0151532502625425,0.015304171703039,"***","***",0.782826979551952,0.0151035384090156,0.0152233705552534,"***","***",0.801068649564477,0.0327513926993007,0.0328926310694209,"***","***",0.780138094878613,0.032460563147,0.0328205511634465,"***","***",0.798908352240027,0.0326214260761351,0.0329084522022716,"***","***",0.785133625406592,0.0164943921832426,,"***","",0.755978355644714,0.0163248966846079,,"***","",0.783015428930736,0.0159020836047773,,"***","",0.808295874352722,0.0193782258362281,,"***","",0.872189701212434,0.0512793950579907,,"***",""
"beta_intercept_y2",-0.0897510039552546,0.0197428036961604,0.0272733927511572,"***","***",-0.115733131922859,0.0715944960892661,0.0716263469220696,"","",-0.0672589491197181,0.0170284720635491,0.0253727013034863,"***","**",-0.0979006182653844,0.061300328333346,0.0666656312745439,"","",-0.115280300224835,0.112504589002474,0.112539593331958,"","",-0.0612159808214158,0.0430591441884915,0.0548504158095774,"","",-0.00555476898454397,0.0174497028204995,,"","",-0.0774318623570576,0.0726573311396984,,"","",-0.00922023474560994,0.0216903510509059,,"","",-0.100645339910462,0.0232385391660153,,"***","",-0.109800480640695,0.0489861990610842,,"*",""
"beta_x_common1_y2",0.7835572754677,0.0164483107633081,0.016508253354094,"***","***",0.727520242923452,0.01652023530794,0.0166986975671571,"***","***",0.783294871188876,0.01662177781537,0.0166759779576193,"***","***",0.769896983810057,0.0432814170945981,0.0435922699366878,"***","***",0.737051210776846,0.0409589009715597,0.0410366178863508,"***","***",0.762074100436147,0.0441707830182181,0.0442422357925444,"***","***",0.767520077413671,0.0175147272709082,,"***","",0.717681893273868,0.0172492222401864,,"***","",0.765920197234588,0.0172429941143422,,"***","",0.801845876619986,0.0226835181585918,,"***","",0.788400116424096,0.0502735446452796,,"***",""
"beta_x_common2_y2",-0.336871528951119,0.0161677223746345,0.016199260020596,"***","***",-0.315854831097787,0.016381890006132,0.0164134783811451,"***","***",-0.333411679242888,0.0163140187328965,0.016331327742192,"***","***",-0.31075339253475,0.0428860186928777,0.0429394080247991,"***","***",-0.298877273649747,0.0408214496688754,0.0408528886994478,"***","***",-0.303207319040252,0.0436233198475239,0.0436427033093844,"***","***",-0.329107382253298,0.0172911262824206,,"***","",-0.315591443007521,0.0171873339921965,,"***","",-0.332527895876427,0.0170582212418624,,"***","",-0.346168442934326,0.0222631224614205,,"***","",-0.314864865838782,0.0496398450259427,,"***",""
"beta_x_specific2_1_y2",0.480767028714765,0.0159581101963308,0.0160692210377455,"***","***",0.46327648992728,0.0160006624736676,0.0160747791242026,"***","***",0.480038701053837,0.0161257981909517,0.0162208151668576,"***","***",0.510157866816085,0.0303664866334643,0.0304504244400321,"***","***",0.493199006979744,0.0290281392716831,0.0291067606588985,"***","***",0.502768645266491,0.0308203172287563,0.0308829258830858,"***","***",0.474874784535912,0.0180264572288302,,"***","",0.459472788891135,0.018096342233777,,"***","",0.478300166650566,0.0178368960027996,,"***","",0.485468743428705,0.0210844540290633,,"***","",0.545375835502818,0.051680120967071,,"***",""
"A[1,1]",0.558971984342429,0.0136337419858351,0.0136743389196823,"***","***",0.53641354398464,0.0141393372170388,0.0142255376325258,"***","***",0.556115241514414,0.0136829335571331,0.0137613737809738,"***","***",,,,"","",,,,"","",,,,"","",0.56353950831499,0.0102634248370199,,"***","",0.546911381069177,0.0102800544672914,,"***","",0.567554385062865,0.00998412002479544,,"***","",0.569524847687705,0.018325597684151,,"***","",,,,"",""
"A[1,2]",0.0190153244319987,0.0208238820976685,0.0210566617213361,"","",0.0232465702821841,0.0222950948664154,0.0225097596855719,"","",0.0239651550933724,0.0206682937739572,0.0212251280565568,"","",,,,"","",,,,"","",,,,"","",,,,"","",,,,"","",,,,"","",0.0223564297347874,0.0276817080327924,,"","",,,,"",""
"A[2,1]",0.095603438966956,0.0137894344258405,0.0138322777802386,"***","***",0.08730758604935,0.0144185621649103,0.0144673309344793,"***","***",0.0952246823791446,0.0137767649084217,0.0138525931668787,"***","***",,,,"","",,,,"","",,,,"","",,,,"","",,,,"","",,,,"","",0.0848728665414915,0.0188025859232688,,"***","",,,,"",""
"A[2,2]",0.65876223924985,0.0210244001279385,0.0212830185957868,"***","***",0.636197424896512,0.0227749505750747,0.023145051206413,"***","***",0.655379396946908,0.0208032978325093,0.0213216625082963,"***","***",,,,"","",,,,"","",,,,"","",0.753734170905695,0.0164296426147813,,"***","",0.731358342572173,0.0174237098113649,,"***","",0.757388422345114,0.0164239275990633,,"***","",0.725604690195709,0.0283937922017744,,"***","",,,,"",""
"R[1,1]",0.352001175335103,0.0197268689909435,0.0271613007495719,"***","***",,,,"","",0.40467662291361,0.0173570317044697,0.0269964238494385,"***","***",0.284929389708557,0.0424810202526307,0.0412204830678158,"***","***",,,,"","",0.412582539944066,0.0441746343734698,0.0536381312955601,"***","***",0.318168168410217,0.019573649990855,,"***","",,,,"","",0.285568192710232,0.0252538402556932,,"***","",,,,"","",,,,"",""
"R[1,2]",-0.107085221927364,0.0272452570788664,0.0329829604204784,"***","**",,,,"","",-0.155395437486243,0.0250070720865525,0.0338180590485102,"***","***",-0.105198016054585,0.0471934677871644,0.0425392310993108,"*","*",,,,"","",-0.148606171444782,0.0584170294931729,0.0629694563508705,"*","*",0,0,,"","",,,,"","",0,0,,"","",,,,"","",,,,"",""
"R[2,1]",0.0590614362109793,0.0193559459520762,0.0268537177536572,"**","*",,,,"","",0.0339442036620511,0.0175390983050184,0.0269587326331939,".","",0.0505818104582303,0.0425980065788891,0.0427938375006557,"","",,,,"","",0.0392723699426275,0.040874410369501,0.0503031958401643,"","",0,0,,"","",,,,"","",0,0,,"","",,,,"","",,,,"",""
"R[2,2]",0.338785878670593,0.0265905695544981,0.0321739724657902,"***","***",,,,"","",0.388339118588149,0.0245327576177993,0.0327513712319256,"***","***",0.279619918442668,0.0450227055614912,0.0411740317643011,"***","***",,,,"","",0.469782470957552,0.048530285533857,0.0534086737595097,"***","***",0.416601127536897,0.0250572189452911,,"***","",,,,"","",0.392036335834723,0.0301081237514738,,"***","",,,,"","",,,,"",""
"Lambda[1,1]",0.1999730071364,0.0483487354112227,0.0478318883770958,"***","***",0.776820241729563,0.0710357894164742,0.0721596702133386,"***","***",,,,"","",0.205526165574193,0.0467231874081209,0.045027953946663,"***","***",0.587804051959788,0.0785022768109379,0.0745100295279401,"***","***",,,,"","",,,,"","",0.764437586479121,0.0424267668439305,,"***","",0.373109397549429,0.0796413100773545,,"***","",,,,"","",,,,"",""
"Lambda[1,2]",-0.0634316123612252,0.0417642559902549,0.0413649998139064,"","",-0.0474171450282099,0.102963581458406,0.103233612549241,"","",,,,"","",-0.0684395394969081,0.0435722584660707,0.0408236869700658,"",".",-0.159468685194867,0.0874536854052352,0.0829564259885944,".",".",,,,"","",,,,"","",0,0,,"","",0,0,,"","",,,,"","",,,,"",""
"Lambda[2,1]",-0.0578053899751344,0.0416378808030389,0.0410259641367729,"","",0.107600231052478,0.107016128239439,0.107206591777614,"","",,,,"","",0.00256067835264441,0.0448359577816931,0.0433756236869078,"","",0.0809962884231698,0.0812879953805894,0.0768420460946447,"","",,,,"","",,,,"","",0,0,,"","",0,0,,"","",,,,"","",,,,"",""
"Lambda[2,2]",0.167620456154916,0.0484583460991543,0.0475731821518812,"***","***",0.724272283435977,0.0503838063078745,0.0527664146730109,"***","***",,,,"","",0.299096716391221,0.0457526277890481,0.0424699036211508,"***","***",0.59259815394139,0.0614591052294703,0.0607009123022394,"***","***",,,,"","",,,,"","",0.755956295127837,0.0433793559688213,,"***","",0.20081722426941,0.0927713224963985,,"*","",,,,"","",,,,"",""
"Sigma[1,1]",0.0996847031098773,,,"","",0.110116721285397,,,"","",0.101718896244946,,,"","",0.930689408113316,,,"","",0.923684275603551,,,"","",0.930086888106936,,,"","",0.107311532999737,,,"","",0.109716894655787,,,"","",0.100530248286432,,,"","",0.179829310363259,,,"","",1.05605341489686,,,"",""
"Sigma[1,2]",0.0330033535954141,,,"","",0.0426994564731414,,,"","",0.032889288250999,,,"","",0.609207763986546,,,"","",0.594988976776835,,,"","",0.610697792627081,,,"","",0,,,"","",0,,,"","",0,,,"","",0.0780506009846131,,,"","",0,,,"",""
"Sigma[2,2]",0.102060072733531,,,"","",0.11446099153246,,,"","",0.103035501062476,,,"","",0.734112803618375,,,"","",0.704710887685023,,,"","",0.740024297346226,,,"","",0.115546246129354,,,"","",0.125668021017688,,,"","",0.114110009083431,,,"","",0.189143002615963,,,"","",0.956095503236933,,,"",""
"loglik",-203.936851556831,,,"","",-272.595070887653,,,"","",-211.128834900518,,,"","",-910.549768081201,,,"","",-914.801418922594,,,"","",-916.327972722808,,,"","",-265.709221410299,,,"","",-324.559570925381,,,"","",-254.336350211876,,,"","",-419.479596567195,,,"","",-1133.05895105367,,,"",""
"AIC",453.873703113662,,,"","",583.190141775307,,,"","",460.257669801035,,,"","",1859.0995361624,,,"","",1859.60283784519,,,"","",1862.65594544562,,,"","",559.418442820599,,,"","",677.119141850762,,,"","",540.672700423751,,,"","",868.95919313439,,,"","",2286.11790210733,,,"",""
"BIC",561.619772850024,,,"","",672.197764600998,,,"","",549.265292626726,,,"","",1948.10715898809,,,"","",1929.87201376021,,,"","",1932.92512136063,,,"","",625.00300700795,,,"","",742.703706038113,,,"","",615.626488066438,,,"","",939.228369049408,,,"","",2332.96401938401,,,"",""
"pAIC",448.179415523424,,,"","",581.948644957887,,,"","",459.943910336634,,,"","",1851.25859366028,,,"","",1857.73211195779,,,"","",1861.23490655811,,,"","",559.418442820599,,,"","",677.119141850762,,,"","",540.672700423751,,,"","",868.95919313439,,,"","",2286.11790210733,,,"",""
"pBIC",542.587722046814,,,"","",668.048302508204,,,"","",548.216612529026,,,"","",1921.90033088528,,,"","",1923.61947565714,,,"","",1928.17557475417,,,"","",625.00300700795,,,"","",742.703706038113,,,"","",615.626488066438,,,"","",939.228369049408,,,"","",2332.96401938401,,,"",""
"d_eff",20.1528562048808,,,"","",18.3792515912901,,,"","",18.8431202677996,,,"","",15.0795287489405,,,"","",14.0646370563019,,,"","",14.2894805562449,,,"","",14,,,"","",14,,,"","",16,,,"","",15,,,"","",10,,,"",""
"gamma",100,,,"","",10,,,"","",39.8107170553497,,,"","",70.7945784384138,,,"","",8.91250938133745,,,"","",35.4813389233575,,,"","",0,,,"","",0,,,"","",0,,,"","",0,,,"","",0,,,"",""
"n_params",23,,,"","",19,,,"","",19,,,"","",19,,,"","",15,,,"","",15,,,"","",14,,,"","",14,,,"","",16,,,"","",15,,,"","",10,,,"",""
"pseudo_R2",0.949893441474797,,,"","",0.921961664031418,,,"","",0.950011785715409,,,"","",0.602350291008046,,,"","",0.588384179499251,,,"","",0.600750613829686,,,"","",0.951839191399732,,,"","",0.943795120828465,,,"","",0.952917075186792,,,"","",0.922341300623318,,,"","",0.589096335097387,,,"",""
"adj_R2",,,,"","",,,,"","",,,,"","",,,,"","",,,,"","",,,,"","",0.952229875550569,,,"","",0.949131920707966,,,"","",0.95355171794787,,,"","",0.921355784133767,,,"","",0.585983428545095,,,"",""
