region,time,y1,y2,x_common1,x_common2,x_specific1_1,x_specific2_1
1,1,-1.0238674742928546,-0.4208110419449384,8.145346594931699,6.834969509256484,-0.16,23.5
1,2,-0.78636453443889,-0.5519585216473115,8.17889128196409,7.065015405180721,0.26,22.3
2,1,-1.1899419124706534,1.2978309304338358,8.043695464916224,7.28406616965995,-0.08,33.3
2,2,-0.9573869505303132,1.2322571905826492,8.065485172133336,7.60185200857767,-0.2,32.2
3,1,-0.7627664859277589,1.6287495710781963,7.968527234667066,7.6128310304073565,-0.44,17.1
3,2,-0.5049641495050793,1.6668738384335373,7.99964502188942,7.95983485352203,-0.5,16.4
4,1,-0.8827866681402856,1.3664546116734502,8.024731251667205,7.151720545988645,-0.34,32.1
4,2,-0.5988488586353856,1.1941329232273081,8.055728997187972,7.43673511332817,0.45,31.3
5,1,-1.631961272754421,0.7747659823185568,8.16180313594038,6.954638864880987,0.83,59.2
5,2,-1.4667749331765034,0.6039692645666287,8.197566272381804,7.379881653608852,0.42,60.2
6,1,-1.5142247726558744,1.0645104142191484,8.1297939091197,6.580639137284949,0.22,39.7
6,2,-1.3580462903053243,0.9882618795084663,8.174280257965037,7.116718766722513,0.65,38.5
7,1,-1.8887486393486652,1.0599355021365073,8.168571447525101,7.216195404518428,-0.21,59.6
7,2,-1.6946356596603285,0.9989366743679619,8.186520107159362,7.542001351621921,-0.17,59.2
8,1,-0.8778386902266616,2.162489314052971,7.963529653640147,7.80868868853525,-0.54,31.2
8,2,-0.5399806085861125,1.9489934168630614,7.989594347064416,8.195278478002008,-0.42,32.9
9,1,-1.0761384204572955,1.4976020913758232,8.089881167878064,6.502040139618764,-0.17,60.9
9,2,-0.803999635207961,1.5159017397063865,8.123824624255306,7.0790158884166665,-0.39,67.7
10,1,-1.4113322062982008,2.630655317176559,7.99830179323788,8.199436717157631,-0.6,47.9
10,2,-0.9979857436677431,2.487308071920476,8.006334233761345,8.641532465671846,-0.38,46.1
11,1,-0.05419067445105287,0.5658449972112877,7.910627295369411,6.6261878075302105,-0.42,8.9
11,2,0.43768907865462015,0.501796228054315,7.933402531839465,6.9049513516494025,-0.5,9.3
12,1,-0.994813962953881,2.192988727937243,7.967384159671199,7.598048390559176,-0.27,30.1
12,2,-0.7193765257621304,2.2417877901520797,8.008797945221955,8.050448246885422,-0.54,31.8
13,1,-0.6084910720055253,1.4686276481857632,7.974773696059068,6.746059539981839,-0.16,37.3
13,2,-0.347770697326093,1.2978309304338358,8.022962441222083,7.250422572266261,-0.53,40.0
14,1,-0.5854005084086122,2.394284859573444,7.9315721797933,7.22773511773308,-0.28,50.3
14,2,-0.22889235617055603,2.301261647226412,7.975633408280386,7.88529161629307,-0.52,56.1
15,1,-1.0861612475130986,2.9951233130936195,8.009562458546766,6.968474014016842,-1.09,129.0
15,2,-0.5491153370420342,2.5986309325980725,8.02040195661405,6.724192952752049,-0.78,140.0
16,1,-1.3768232321313856,2.7831523865979233,7.978722266829922,7.9415445616062375,-0.25,59.4
16,2,-1.326328483166707,2.293636793755344,7.987422572482474,8.248136583087621,0.52,58.6
17,1,-0.7678413350699376,1.8056461716069783,7.877435107515195,7.216562633048866,0.46,62.7
17,2,-0.5890797740366919,1.593675245111282,7.903337667330703,7.877397186353287,0.07,63.7
18,1,-0.3352104456992006,1.952043358251488,7.886156586919196,6.4165688704684944,-0.78,58.2
18,2,0.10706265704167554,1.7812466404995606,7.924398004782996,6.7633073746162635,-1.1,56.2
19,1,0.06988938707521643,1.9001943546482247,7.936409945226445,5.9796449703026395,0.19,95.6
19,2,0.18102858328893126,2.0343917757390244,7.993619994827744,6.233822317345996,0.04,99.2
20,1,-0.8387623518318854,-0.9408260486717903,8.142092386289491,7.760893195851024,0.11,59.9
20,2,-0.6980621593649798,-0.9240513710354403,8.19825434264716,7.897965393799615,-0.11,63.9
21,1,-0.4540887868547375,0.35387407071559135,7.925085203030558,6.829253050827179,-0.44,23.2
21,2,-0.3462482425834393,0.4728217848642556,7.978105257932275,7.144722836889416,-0.41,23.1
22,1,-0.2755809682786006,-0.5748330820605164,7.945803360675465,6.846305316665914,-0.69,9.8
22,2,-0.09922996058788962,-0.46656016277134776,7.994598584050248,6.9485132714543045,-0.71,9.4
23,1,0.5530150254106317,0.7793408944011978,7.83948619534417,6.6383059747914155,-0.52,33.5
23,2,0.7887417680648343,0.986736908814253,7.893273521479995,7.211113830818926,-0.41,35.7
24,1,-0.712652350648744,-0.2622140897467198,8.048500702250562,7.040010858102608,-0.59,28.5
24,2,-0.31681411755880273,-0.2134150275318832,8.08665639887905,7.252124821063715,-0.15,28.1
25,1,0.9524056529000984,-1.0216494954651134,7.8569390541583175,6.347038885602681,-0.46,36.9
25,2,1.3684164113301995,-1.1314473854484954,7.8977424697786285,6.623932416856077,-0.6,39.2
26,1,-0.7906781562097418,-0.007543983813041368,7.963286077947796,6.60773068333197,-0.47,16.3
26,2,-0.29473852379032534,-0.1585160825401922,8.009429541686066,6.878429449600309,-0.3,17.6
27,1,-0.16837478015007462,0.07480443367449516,7.9632164739942635,6.4548840484767025,-0.21,26.8
27,2,0.1526094280927299,-0.10514210824271453,7.996283561196227,6.744530217879171,-0.07,31.1
28,1,-0.713032964334407,-0.09751725477164622,8.094561578386163,6.620473126551683,0.88,32.8
28,2,-0.7330786184460131,-0.13259158073856003,8.175463156767982,6.718529945871388,-0.36,32.2
29,1,-0.8618529154287985,0.2212016203190049,8.166216268592143,6.461936816524757,0.36,47.2
29,2,-0.6506123198856089,0.06565460950921297,8.20042553806936,6.657754273498044,-0.06,45.2
30,1,-0.5360476005009237,-0.545858638870457,8.029400266760819,6.806608096977179,-0.58,38.8
30,2,-0.14401550426761667,-0.37658689181274296,8.05430022140555,7.711056468033974,-0.51,42.8
31,1,-1.26111667168971,-0.4177611005565112,8.180908937125238,6.8737847594109835,0.82,46.6
31,2,-1.1386859361346482,-0.452835426523425,8.220456919798654,7.124156149428954,0.39,48.6
32,1,0.35890204572229595,0.6054942352608426,7.7959757002612005,6.4245448222491195,-0.63,7.8
32,2,0.6958720287629636,0.4499472244510512,7.849752743199698,6.703188113240863,-0.44,8.8
33,1,0.0775016607884848,-0.2881385915483514,7.8816732036910855,6.424058322604399,-0.58,38.2
33,2,0.3515435144661368,-0.0792176064410829,7.912789220690681,6.935856709093012,-0.36,40.3
34,1,-1.2168386129242006,-0.7959538327214944,8.15719845735283,6.287486743834764,1.41,23.1
34,2,-0.9918959246971283,-0.8859271036800993,8.150265871013154,6.5807778239227135,0.91,24.5
35,1,-0.6801733161388,-0.048718192556810175,8.048596571867957,6.471573198211912,0.7,52.9
35,2,-0.6563215251705597,-0.007543983813041368,8.082031471571236,6.546498425538293,1.33,50.9
36,1,-0.49633690596337526,0.6558182681698925,7.9371603874865455,7.487285732755115,-0.11,206.9
36,2,-0.060914849564440245,0.8342398393928888,8.037607803386303,8.121153523955229,-1.22,231.1
37,1,-0.1677404240073024,0.7107172131615835,8.007000700512663,6.545780601948501,-0.87,39.6
37,2,0.2723758678481483,0.7198670373268657,7.989085760415719,7.9311050831497,-0.78,51.2
38,1,-0.7293993528179336,1.075185209078644,7.98268944029567,7.3296185328999375,-1.14,57.8
38,2,-0.29664159221864195,1.0096114692274574,7.987048823263847,8.298663977652772,-0.93,58.8
39,1,1.6982816055718173,-0.524509049151466,7.888709524182015,5.903998521326706,-2.63,30.2
39,2,2.3378394687148925,-0.4909596938787661,7.872683782462186,5.572914199451162,-1.92,42.2
40,1,1.0339838528606216,-0.6480316753827714,7.890357958543005,5.536546555280287,-1.79,20.7
40,2,1.920559997999246,-0.7959538327214944,7.895733914147075,6.133398042996649,-1.18,24.5
41,1,-1.3829130511019998,-0.7700293309198623,8.231642179973411,6.301336101932016,0.18,34.1
41,2,-0.9499015480455993,-0.8340781000768355,8.254814926850745,6.773080375655535,-0.52,40.2
42,1,1.1697360674139026,-0.9972499643576952,7.846746396377068,6.116995269555192,-0.04,26.3
42,2,2.028019928584881,-1.1680466821096231,7.872645680692354,6.730421263699221,-1.67,29.6
43,1,0.9475845462150281,0.15410290977360447,8.154988701965975,6.636077780672072,-1.04,23.6
43,2,1.4912277605709252,0.2684757118396276,7.8252452914317745,7.058930106779255,-1.08,25.2
44,1,1.7579110829924172,-2.1455528971005675,7.721215625052091,5.472270673671475,-1.47,17.5
44,2,2.0295423833275343,-2.0586295675303896,7.7684910167339725,6.030444846748866,-0.93,22.3
45,1,0.2402774470238678,0.8586393705003071,7.7957288374745115,6.1390221114655965,-0.72,18.4
45,2,0.6470266057694927,0.6375186198393287,7.853449461225534,6.181671598175927,-0.4,18.5
46,1,-0.9641111256437,-0.8508527777131855,8.088131869452887,7.992133407622422,0.43,126.1
46,2,-0.9968439026107528,-0.8462778656305443,8.145201543365612,8.393532918586978,0.63,127.6
47,1,-0.7296530952750423,-0.40708630569701565,8.105549032231357,7.140928365933525,-0.13,45.3
47,2,-0.5364282141865871,-0.4635102213829206,8.14366270183842,7.321386949756695,-0.1,45.9
48,1,-0.8387623518318854,-0.25306426558143813,8.013210766132241,6.738744736247855,-0.31,30.3
48,2,-0.5567276107553021,-0.3155880640441975,8.047765396346175,7.14409142408233,-0.37,32.0
49,1,-0.9093027549081695,-0.8813521915974581,8.29587297681289,6.893250592779255,0.38,32.6
49,2,-0.7871257618102169,-1.0353742317130363,8.354744847662525,7.183567178863431,0.22,32.3
50,1,-0.8740325533700275,-0.9362511365891492,8.247062848877691,7.003338148875867,0.08,42.8
50,2,-0.7589603490711248,-0.9530258142254997,8.26124231712591,7.491924296972337,0.29,42.1
51,1,-1.2581986334329573,-1.009449729911404,8.291145426954637,6.968097507988299,0.85,45.0
51,2,-1.2042783612973087,-1.1360222975311367,8.341743965964689,7.110451195027242,0.59,44.9
52,1,-1.1068412577674769,-0.29576344501941976,8.05114971042214,7.1742647862011175,-0.44,46.1
52,2,-0.8874809035968009,-0.5153592249861844,8.082618480161507,7.370293612116601,-0.31,45.6
53,1,-0.6301860520883393,-0.5702581699778754,8.11877320803471,6.5529357555428644,-0.07,24.2
53,2,-0.43911798188531004,-0.7303800928703079,8.161032400992216,6.75437097208278,0.07,23.8
54,1,-0.9702009446143144,-0.12801666865591949,8.022437747827741,6.375535762528473,-0.63,36.8
54,2,-0.6589858209702036,-0.16461596531704664,8.059939929655766,6.9328380593496,-0.93,37.9
55,1,-0.6430000461723405,-0.0029690717304008112,8.018493747448087,7.096390197832684,0.06,47.5
55,2,-0.4916426705068601,-0.14326637559805558,8.050799040160166,7.348909229498808,0.12,44.6
56,1,-0.808059514521704,-0.4192860712507251,8.114623886420098,6.6285703367843025,-0.27,24.0
56,2,-0.5947889793216427,-0.5961826717795076,8.140548749116267,6.657754273498044,-0.07,24.8
57,1,-1.173829266444236,-0.5534834923415254,8.179031528517761,6.73744134131246,-0.1,37.2
57,2,-1.0873030885700887,-0.8325531293826216,8.212704000648076,7.019922575852885,0.28,39.1
58,1,-0.6851212940524241,0.4316475761204873,8.077260854425825,7.711504215869878,-0.06,40.3
58,2,-0.5255172885309031,0.3279495689139597,8.126961463948662,7.895584971638608,-0.05,39.6
59,1,-0.9792088018416818,-0.4375857195812884,8.004198550365407,6.898108901930332,-0.28,63.7
59,2,-0.7928349670951677,-0.6297320270522075,8.056933931220934,7.458013131991842,-0.23,62.8
60,1,-0.6860093926523055,-0.4101362470854429,8.112707603421573,6.66721121298776,-0.54,31.5
60,2,-0.2902980307909189,-0.40098642292016123,8.136518252115291,7.095976067707081,-0.54,32.8
61,1,-0.48047800239406674,-0.3064382398789153,8.015855745522556,6.658652688497831,-0.57,27.7
61,2,-0.35804726683900484,-0.343037536540043,8.047893314478745,7.042373580706898,-0.22,28.0
62,1,-0.16900913629284728,-0.8081535982752033,8.085363573876744,5.8132346082172806,-0.86,23.6
62,2,0.3767908889484758,-0.8981268692338081,8.073028834168797,6.40968133914131,-0.58,23.7
63,1,-0.5090240288188222,0.18765226504630442,8.006934073821986,6.713442109335804,-0.43,33.4
63,2,-0.31326172315927736,0.1083537889471951,8.02666027091801,7.139501719103615,-0.32,33.7
64,1,-0.9167881573928832,0.5597451144344332,7.990475284981385,7.481161257929534,-0.45,44.9
64,2,-0.7738042828119976,0.43012260542627345,8.025712573914022,7.658605169670372,-0.42,43.0
65,1,-1.2436084421491937,-0.48180986971348444,8.091780445498378,6.878223476376099,-0.31,31.4
65,2,-0.8849434790257116,-0.5916077596968664,8.11877320803471,7.112816322745581,-0.31,32.8
66,1,-0.9995081984103967,-1.308343985977278,8.340097953593864,7.179307969504034,0.13,35.4
66,2,-0.8480239515163612,-1.5142150296961197,8.36224552741478,7.458647411961211,0.51,35.1
67,1,-0.7769760635258591,0.6893676234425924,8.037090740293086,7.224097691927129,-0.81,41.4
67,2,-0.4337893902860226,0.5033211987485283,8.07586253528805,7.529460162087717,-0.36,40.7
68,1,-0.5313533650444086,-0.08684245991215121,8.038834757787749,6.413131034554154,-0.49,32.0
68,2,-0.22914609862766527,-0.2225648516971649,8.07570704572886,6.773880970425809,-0.35,33.1
69,1,-0.5963114340642963,0.3782736018230096,7.9483852851118995,7.506207090702758,-0.64,78.3
69,2,-0.3481513110117564,0.33709939307924136,7.992370058006393,7.7691673493463025,-0.43,77.2
70,1,-1.0387114080337272,0.14647805630253616,8.00706732276452,7.002792694316889,0.12,75.7
70,2,-0.910698338422269,-0.04261830977995519,8.071156057543025,7.36593933142253,-0.03,76.8
71,1,-0.699965227793297,-0.1981653205897466,8.150814172015275,6.362165662779806,-0.15,46.8
71,2,-0.5440404878998555,-0.33998759515161575,8.149890544402423,6.729585093310658,-0.17,45.8
72,1,-0.7405640209307268,0.09615402339348623,8.089482474360754,6.63200177739563,-0.39,33.7
72,2,-0.5161288176178722,-0.10819204963114175,8.13803889809787,6.981563206126856,-0.1,37.2
73,1,-0.7179809422480314,0.36454886557508687,8.031742873981475,7.9005625087532705,-0.24,44.4
73,2,-0.6287904685742403,0.37522366043458244,8.069780455500307,7.893758623267592,-0.12,46.7
74,1,-0.7031370085071585,-0.13411655143277393,7.9527206284194705,6.5771657055190795,-0.33,47.2
74,2,-0.3642639570381737,-0.1752907601765422,7.955600450596593,6.8885724595653635,-0.33,48.5
75,1,-0.8900183281678906,0.2120517961537227,8.068747510733607,6.5738198220128945,-0.29,31.0
75,2,-0.6333578328022013,-0.013643866589896346,8.087240699656801,6.771591854169266,-0.27,33.4
76,1,-0.7889019590099793,-0.12496672726749226,8.128142624576167,6.123150487933357,0.09,23.2
76,2,-0.46753713708151096,-0.39641151083752013,8.163257349852005,6.501289670540389,0.08,23.7
77,1,-0.731683034931914,-0.8539027191016126,8.196547058740789,6.2373475853916815,0.12,43.9
77,2,-0.5496228219562522,-0.9347261658949358,8.186714954830853,6.468319651302819,0.06,45.4
78,1,-0.4780674490515321,-0.4574103386060661,8.0129789972379,6.122712083717655,-0.59,18.7
78,2,0.10934633915565606,-0.5336588733167482,8.016086848711158,6.504737174517024,-0.98,21.6
79,1,-0.8770774628553348,-0.3659120969532474,8.129322391709024,6.190110466821792,-0.29,28.9
79,2,-0.6333578328022013,-0.6465067046885574,8.149312843635345,6.586585362369367,0.76,30.8
80,1,0.8171609232610348,-1.1283974440600684,8.072498570116071,5.820379622240015,-1.99,12.6
80,2,1.8983575330022135,-1.3312185463904829,8.06322037924303,6.234018491942015,-0.49,14.5
81,1,0.2983844697018141,-0.7258051807876668,7.882352654117345,6.211202305287359,-1.89,33.8
81,2,1.147406731188316,-0.7639294481430078,7.877586777784322,6.954066181845388,-0.91,35.6
82,1,-0.6422388188010136,0.39047336737671906,7.963251276576619,7.848543482456679,-0.83,63.1
82,2,-0.4576411812542625,0.13885320283146782,8.007466963093547,7.878079547348716,-0.48,60.0
83,1,-0.8583005210292736,-0.35066239001111077,8.074617941331692,5.895228939227156,-0.3,24.9
83,2,-0.5090240288188222,-0.617532261498498,8.087732477751853,6.32936433572038,-0.37,26.3
84,1,-1.2225478182091518,-1.6499374214811338,7.98514393119862,6.819798000222995,0.4,79.4
84,2,-1.1140729177950814,-1.3845925206879601,8.038415179619022,7.118097238459137,0.2,87.5
85,1,0.489960024819061,-0.6754811478786169,7.938053037466373,6.182291496945648,-0.82,24.6
85,2,1.018124949291313,-0.8966018985395948,7.984224202964557,6.426973776564523,-0.61,26.8
86,1,-0.8377473820034493,0.18765226504630442,8.071499662588028,6.220391343177919,-0.93,22.9
86,2,-0.3676894802091445,0.030580283542299677,8.06743130872598,6.750282420157573,-0.07,24.7
87,1,-0.4408941790850725,0.15715285116203168,8.070405963746136,6.046662707572744,-0.45,41.8
87,2,-0.15530704360896463,0.1281784079719723,8.035473192788901,6.80161668292047,-0.52,43.9
88,1,1.0403274142883445,0.03363022493072689,7.942646490092394,5.634432396521408,-1.02,51.2
88,2,1.6519736071494369,-0.10514210824271453,7.9022655190497275,5.725543966437714,-0.51,58.1
89,1,-0.7211527229618929,-0.9804752867213452,8.179536253313266,7.72382780637938,-0.0,58.7
89,2,-0.6298054384026759,-1.0231744661593267,8.208981827711964,7.6803141989662445,-0.07,58.0
90,1,-0.926937855677241,0.8799889602192976,8.077478195108199,7.409560339527045,-0.22,22.8
90,2,-0.7107492822204269,0.8494895463350249,8.130471326125209,7.546710230458656,-0.09,22.1
91,1,-0.7201377531334573,0.003130811046453626,8.038802488793408,7.430173448783935,-0.17,41.0
91,2,-0.800827854494099,-0.1783407015649694,8.076359939470281,7.513763801725319,0.14,41.5
92,1,-0.910698338422269,0.048879931872862985,8.069185860042397,6.846198973283031,0.22,32.5
92,2,-0.7895363151527516,-0.060917958110519047,8.112647660367458,7.008866780350549,0.23,31.7
93,1,-1.2765949615733552,-1.0063997885229767,8.341815470296691,6.826978968954849,0.1,29.4
93,2,-1.0873030885700887,-1.163471770026982,8.378344831597422,7.1372784372603855,-0.04,27.9
94,1,0.1007190956139525,-0.5184091663746115,7.935551606773832,6.095599311839989,-0.54,28.7
94,2,0.5504776008395429,-0.7502047118950851,7.950784383073213,6.536256720437246,-0.57,30.6
95,1,-0.664695026255155,-1.3327435170846962,8.719399071515568,7.2531872569748215,-0.18,32.2
95,2,-0.3810109592073637,-1.5233648538614015,8.782752346780248,7.3364810806648535,0.13,33.9
96,1,-1.069541116572463,-0.019743749366750784,8.093187259602807,7.208970365716502,0.01,36.9
96,2,-0.8204928949200417,-0.33998759515161575,8.175125328437865,7.255026142845575,0.03,39.3
97,1,0.24091180316663957,1.062985443524935,7.956546872666291,6.772965952633498,-0.31,43.2
97,2,0.5429921983548286,0.9836869674258257,7.982791831121541,7.2525499308901535,-0.61,43.7
98,1,-0.10874530272947466,0.253226004897491,7.865955413933502,6.310826956162734,-0.52,12.9
98,2,0.22581412696865788,0.19375214782315886,7.894653578020245,6.7067400797409285,-0.48,12.3
99,1,-0.9464760248746291,1.117884388516626,8.05255116306584,6.720461380561624,-0.33,27.3
99,2,-0.5989757298639403,0.8525394877234521,8.069655306886165,6.874198495453294,-0.24,27.8
100,1,-0.29664159221864195,1.2154825129462992,7.983201289618408,6.261491684321042,-0.15,20.5
100,2,0.05593355193422498,0.948612641458912,8.021978415164394,6.643789733147672,-0.85,22.0
101,1,-0.18867417671878955,1.8498703217391737,7.90713637738839,6.801394262990727,-0.63,30.1
101,2,0.13966856278017453,1.567750743309651,7.951981777123655,7.445884737275473,-0.61,32.5
102,1,-0.7470344535870046,-0.9362511365891492,8.29856443306916,6.855408798609928,0.13,22.0
102,2,-0.5481003672135986,-1.1222975612832138,8.330357461054957,7.021530293240982,0.01,21.1
103,1,-0.08413228438990793,0.8022154548144023,7.9787565339420645,6.994574970934697,-0.45,44.4
103,2,0.33314718632573853,0.7762909530127701,7.991423120264424,7.692752113171961,-0.51,45.3
104,1,-0.7762148361545324,1.6851734867641006,8.024927593171157,6.88847051757027,-0.25,54.4
104,2,-0.41463183477429794,1.3725544944503045,8.088930174632068,7.1165564685804705,-0.38,53.5
105,1,-0.3014626989037118,-0.5809329648373709,8.138272638530186,6.468164456144597,-0.1,23.8
105,2,-0.01968170028423769,-0.9438759900602175,8.153378534563261,6.655440350367647,-0.33,24.1
106,1,-0.8137687198066549,1.787346523276415,7.930278146542992,6.869326252362355,-0.56,50.3
106,2,-0.42376656323021955,1.6790736039872463,7.961649102850869,7.462731750483416,-0.41,51.9
107,1,-1.4199594498399046,-0.2378145586393015,8.19063168090354,6.638698670653521,-0.52,30.9
107,2,-0.765557652955957,-0.3872616866722385,8.183788245844491,6.567234859514355,-0.82,33.4
108,1,-0.25540844293843984,2.5940560205154313,7.9722590980167976,7.257143740869896,-0.48,52.5
108,2,0.15184820072140304,2.3073615300032664,8.006567547652914,7.997293186374539,-0.72,53.1
109,1,-0.012957525170851213,0.04735496117864965,7.940761810552253,6.889591308354466,-0.38,18.6
109,2,0.32325123049848964,0.16172776324467278,7.953458934217067,7.5625253904210785,-0.51,19.3
110,1,0.4702949843931191,0.2120517961537227,7.854148354672736,5.961005339623274,-0.63,28.4
110,2,0.9000078355071024,0.003130811046453626,7.877586777784322,6.173786103901937,-0.7,30.8
111,1,-0.015368078513385902,1.5281015052600955,7.8740925283404275,6.793241892193376,-0.52,14.7
111,2,0.3280723371835599,1.2627566044669225,7.923782742643828,7.320328398549679,-0.34,15.0
112,1,0.12368278798231092,-0.452835426523425,7.878609950846659,6.02707297457535,-0.58,13.6
112,2,0.46991437070745573,-0.7364799756471623,7.91793700227082,6.6912148788015,-0.35,13.8
113,1,0.09462927664333778,0.5810947041534242,7.874358824729881,6.372124536297175,-0.59,24.4
113,2,0.4135835452292715,0.5536452316575787,7.898670992194872,7.01678904000626,-0.75,23.8
114,1,0.4629364531369591,-0.7334300342587351,7.867794917786307,6.0112671744041615,-0.25,17.0
114,2,0.8005407923203994,-0.8173034224404855,7.920192204739806,6.580084198313993,0.18,18.8
115,1,-0.04645152950923031,2.0633662189290845,7.883898570003149,5.993462549770655,-0.87,13.0
115,2,0.49198996447593313,1.94441850478042,7.923239549742678,6.5203265333600715,-0.86,14.0
116,1,-0.9185643545926457,1.5997751278881365,7.953634640998043,7.304515946460155,0.07,63.9
116,2,-0.75883347784257,1.694323310929383,7.975667781400609,8.354085853546087,-0.53,57.0
117,1,-0.533129562244171,1.6577240142682552,7.973327713572046,5.975589197949692,-0.27,39.7
117,2,-0.19641332166061212,1.4640527361031221,8.013177659578796,6.511002111475994,-0.31,41.6
118,1,-0.7862376632103354,-0.7547796239777261,8.120975196664736,6.084043728401075,0.06,22.7
118,2,-0.09377449776004758,-1.065873645597309,8.117103609244912,6.458024754575957,-0.8,23.3
119,1,0.19282760754449635,2.398859771656085,7.85317753736254,6.515453157400254,-1.2,23.0
119,2,0.6958720287629636,2.2921118230611306,7.902968090861125,7.293221740583611,-0.96,24.4
120,1,-0.44622277068436034,1.4533779412436276,7.982757702011113,6.740046434556028,-0.09,62.8
120,2,-0.044040976166695625,1.2383570733595037,8.001455523289227,7.199678345691172,-0.15,61.6
121,1,-0.942416145560886,1.168208421425676,8.006700845440367,6.858985114612707,-0.06,44.6
121,2,-0.6582245935988769,1.0141863813100984,8.0507033814703,7.235402979376965,0.85,44.5
122,1,0.07115809936076176,2.377510181937094,7.8900958893177915,6.515897174280189,-0.72,33.5
122,2,0.6098533358030336,2.1319899001686977,7.905736590811429,7.047169334764815,-1.06,35.4
123,1,-0.6712923301399872,1.4991270620700365,7.958576903813898,7.353338133686191,0.02,79.0
123,2,-0.5455629426425092,1.6546740728798275,7.991253929840199,7.739576854229842,-0.13,81.2
124,1,0.20843276865669655,1.1453338610124717,7.879669914604289,5.604698516432302,-0.17,23.7
124,2,0.7294929043298978,1.0873849746323527,7.917208431330429,6.371611847231857,-0.64,26.6
125,1,-1.0109266089802988,1.6302745417724096,8.017472347382352,6.152732694704104,-0.37,34.7
125,2,-0.6886736884519494,1.4610027947146955,8.058232365365322,6.53813982376767,-0.2,34.3
126,1,0.24598665230881908,0.533820612632801,7.91363074059838,5.8924725979010315,-1.23,32.6
126,2,0.8690512557398122,0.3919983380709324,8.102858867839007,6.755070191316489,-0.72,34.1
127,1,0.7343140110149672,0.5444954074922965,7.862612664005109,6.221782302170192,-0.87,28.5
127,2,1.364356532016457,0.32642459821974584,7.886382108438664,6.805168690207036,-0.95,30.6
128,1,0.5384248341268685,0.44079740028576897,7.8206803533799905,6.3569753397091135,-1.11,12.2
128,2,1.040708027974008,0.20442694268265438,7.877662604293306,6.4253551293998505,-1.38,14.1
129,1,0.5639259510663167,-0.19511537920131938,7.8327678646681616,6.495718625490934,-0.94,11.1
129,2,1.0885384811390428,-0.33541268306897465,7.860763593791455,6.837440105067111,-1.07,12.4
130,1,-0.5104196123329213,-1.1268724733658544,8.203468261870789,6.500087747318773,-0.27,31.4
130,2,-0.17370337174936248,-1.3068190152830645,8.217816334102439,6.757164920349636,0.01,30.6
131,1,-0.5743627115243731,0.46214699000476006,7.988033860961742,6.512784907966614,-0.59,36.1
131,2,-0.14718728498147865,0.20290197198844104,7.987082806238379,6.759951084213743,-0.72,36.3
132,1,-0.3742867840939768,-0.07769263574686902,8.01271405270911,6.344934360097766,-0.18,62.8
132,2,0.04223145925034279,-0.33541268306897465,8.026398926955201,6.685486345078588,-0.21,65.9
133,1,-1.0753771930859686,-0.7395299170355896,7.976973085240792,6.942349923746636,-0.36,40.4
133,2,-0.7651770392702936,-0.8432279242421171,7.988101758843354,7.055571653676355,-0.88,40.0
134,1,-0.8262021002049931,-0.42843589541600674,8.066019167214423,6.5188522591729505,-0.34,41.1
134,2,-0.4967175196490387,-0.585507876920012,8.087640287778983,6.618204795470328,-0.05,42.4
135,1,-0.47768683536586865,0.03210525423651302,7.9978312366279605,6.690345259515688,-0.34,30.7
135,2,-0.07131829030590629,-0.17224081878811495,8.018592537272816,6.993290567088399,-0.27,30.7
136,1,0.19257386508738802,-0.09751725477164622,7.922696061622631,6.320588421959424,-0.78,35.2
136,2,0.5899345529199824,-0.12344175657327838,7.9184102888911045,6.911348814492268,-1.34,41.9
137,1,0.5941213034622801,0.4011481622362146,7.971396478706194,6.3972629330062665,-0.82,47.6
137,2,1.2023419731524008,0.407248045013069,7.982860085848207,7.007510112119129,-0.49,52.5
138,1,-0.8660396659710962,-0.7273301514818806,8.290367870699402,6.611503255847289,-0.11,25.7
138,2,-0.48149297222250237,-0.9957249936634813,8.316544717929398,6.947552748856203,-0.27,29.2
139,1,-1.371367769303543,0.1358032614430406,8.202592029613193,6.134048590563775,0.0,24.0
139,2,-1.123207646251003,-0.19359040850710604,8.210994064964702,6.478970365552356,-0.29,25.1
140,1,-0.7576916367855798,0.5673699679055015,8.036023452557757,6.231858451828719,-0.08,39.3
140,2,-0.5555857696983119,0.35844898279823245,8.05975034421536,6.854881789375069,0.61,38.1
141,1,0.5275139084711835,-0.5290839612341072,7.941046518195018,6.104569993213254,-1.13,18.6
141,2,1.2039912991236086,-0.5900827890026525,7.9298104449280915,6.742054823204418,-0.96,20.9
142,1,1.2530904645741878,0.33099951030238695,7.857093864902493,5.945682354452854,-0.63,37.7
142,2,2.0067055621877303,0.43317254681470063,7.848777647075476,6.961201254687763,-1.21,41.6
143,1,0.3903661104038038,-0.6480316753827714,8.065296635179534,6.013226038889495,0.1,20.5
143,2,0.7922941624643592,-0.8325531293826216,8.082402253926244,6.311190196268436,0.09,21.0
144,1,-0.3273444295288234,-0.16919087739968774,8.051786977841106,6.423571586162567,0.35,24.5
144,2,-0.0021734707437212992,-0.48180986971348444,8.070437228890192,6.458965046135599,0.08,25.6
145,1,-0.45726056756859906,-0.20121526197817435,8.074275406257422,6.144614726601657,-0.1,24.8
145,2,-0.25667715522398477,-0.4375857195812884,8.111267977475617,6.487836213903822,-0.11,23.6
146,1,-0.24386316113998358,0.49417137458324667,7.922804782879556,6.757978353663909,-0.3,44.0
146,2,0.3506554158662549,0.7076672717731562,7.917244872487075,7.9411888416252525,-1.19,47.7
147,1,-0.2155708771723368,0.5078961108311694,8.007700012884026,7.365369981415058,-0.31,80.6
147,2,0.24712849336580936,0.24712612212063653,8.009063929197989,7.5618497322783815,-0.61,77.8
148,1,0.05923220387664158,0.6070192059550559,7.987592412323913,6.398262100449925,-0.38,28.9
148,2,0.4743548637068617,0.6146440594261242,7.972983123630663,7.162397497355718,-0.28,32.4
149,1,-0.45193197596931123,0.13427829074882727,8.033528675712619,6.127960291696519,-0.37,47.8
149,2,-0.06395975904974716,-0.007543983813041368,8.025908722857082,6.504587529922656,0.06,49.4
150,1,1.5512378516771885,-0.602282554556362,7.838264448093848,6.8766773234112755,-1.74,18.6
150,2,2.42779116976001,-0.8096785689694171,7.850259417672196,7.055571653676355,-1.08,25.6
151,1,2.7209905789493862,-0.3613371848706063,7.749624143288713,5.431098477781855,-1.02,21.2
151,2,3.526496009041706,-0.3308377709863336,7.735039918471314,6.412638948921326,0.54,28.4
152,1,0.48031781144892133,0.013805605905949161,7.994699762782565,4.4355674016019115,-0.57,47.1
152,2,1.1286297893622552,-0.2911885329367792,7.945945008751059,4.903050083416319,-0.71,56.4
153,1,0.5212972182720146,-0.7654544188372217,7.994598584050248,5.789654313730165,0.2,38.2
153,2,1.1037630285655788,-0.7959538327214944,8.001957859161546,5.671947751136183,-0.25,41.1
154,1,-0.011435070428197537,-0.21189005683766934,8.054522609537294,6.057252287645985,-0.15,38.3
154,2,0.43083803231267953,-0.24086450002772875,8.037833934446368,6.448731153779409,0.4,38.4
155,1,-0.7829390112679192,-0.381161803895384,8.239910194001379,6.557630265907138,0.57,43.4
155,2,-0.5626905584973622,-0.6053324959447892,8.172785552608989,6.699500340161678,0.09,41.0
156,1,-1.142111459305619,0.20290197198844104,8.236314589450789,6.001662372084428,0.47,32.2
156,2,-0.7960067478090297,0.006180752434881386,8.238669056749222,6.268148865350222,0.1,33.7
157,1,0.28125685384696114,-0.3826867745895974,8.161546290288934,6.162893662735513,-0.76,37.7
157,2,0.7844281462939825,-0.46656016277134776,8.162345149104599,6.482036441846705,-0.59,42.4
158,1,1.694475468715183,1.172783333508317,7.8737119818711125,6.648207045774128,-1.61,44.1
158,2,2.4744797818680544,0.9531875535415525,7.9192834607431335,6.95129358099662,-1.51,49.2
159,1,-0.39445930943413715,0.22882647379007268,7.943037205283753,6.675066314824396,-0.81,39.0
159,2,0.27021905696272197,0.14190314421989506,7.945803360675465,7.121575502835463,-0.99,44.3
160,1,1.1987895787528757,0.30355003780654144,7.9431792456944885,5.582744146279145,-1.18,40.3
160,2,1.8251528341262855,-0.21189005683766934,7.933617647285583,6.6006864927301665,-1.41,39.0
161,1,2.150070050454279,-0.47723495763084334,7.8874338702364675,6.121395716700013,-3.33,42.3
161,2,2.888841214326948,-0.6038075252505753,7.901229249526942,6.871195023670334,-3.37,47.6
162,1,1.7584185679066358,-1.2869943962582868,7.8755372856444295,4.316153890523174,-1.18,24.0
162,2,2.334794559229585,-2.054054655447749,7.838303882602991,4.454347296253507,-1.7,25.0
163,1,1.6476599853785843,-0.14174140490384224,7.878950776025578,0.0,-5.79,34.3
163,2,2.2802399309511636,-0.7380049463413761,7.945520004317532,7.427560465528704,-2.8,35.1
164,1,0.979175482125091,-0.6480316753827714,7.944527624296341,5.656341400056065,-0.68,20.9
164,2,1.2922936741975193,-0.6937807962091802,7.977865207177534,6.3784261836515865,-0.69,19.5
165,1,1.8937901687742533,-1.4044171397127372,7.851310922004305,6.5093650845459345,-1.01,33.0
165,2,2.050095522353358,-1.2168457443244598,7.837712201620107,6.835829539410549,-1.33,33.9
166,1,2.1278675854572473,-0.5839829062257982,7.938302836736117,5.279644101282416,-3.71,30.5
166,2,2.455575968813439,-1.1360222975311367,7.937446122183825,5.42141956368202,1.13,33.9
167,1,3.33327112795325,0.9104883741035709,7.936195429673244,5.4359030295006,-1.37,58.0
167,2,2.9293131362358236,0.027530342153871915,7.8816732036910855,7.0260715058001795,-1.04,51.2
168,1,2.6814067556403924,0.8205151031449661,7.844319115695848,5.996700813903228,-3.55,32.5
168,2,3.2744028779039773,0.7701910702359156,7.810231021822564,7.290088223033255,-0.73,37.4
169,1,-0.42516214674431857,-0.381161803895384,8.074960359115858,6.519442229691538,-0.18,21.0
169,2,-0.2061824062593064,-0.40251139361437455,8.103464029889611,6.750633523209925,-0.06,19.9
170,1,0.19523816088703105,0.14037817352568172,7.986776917885242,5.824228627732068,-0.65,34.6
170,2,0.5313200453278177,0.03820513701336745,8.01377340991084,6.273442884143084,-0.67,36.5
171,1,-0.44051356539940906,-0.5900827890026525,7.990712328039674,5.758586266696875,-0.4,16.1
171,2,0.07978534290246532,-0.5153592249861844,7.980057814859886,6.245525201056913,-0.41,17.2
172,1,-0.11838751609961431,0.3553990414098052,7.958961445252976,6.037870919922137,-0.99,24.9
172,2,0.31513147187100365,0.2852503894759776,7.984633075504241,6.248429646897702,-1.01,27.9
173,1,-0.47540315325188814,-0.5184091663746115,7.93608815463783,6.513823406687646,-0.96,51.2
173,2,-0.15441894500908318,-0.4650351920771339,7.9594855817501164,6.5441995739511825,-0.74,51.6
174,1,-0.16482238575054967,-1.0002999057461224,7.887959336599945,5.692384429703832,-0.91,20.4
174,2,0.13763862312330236,-1.1344973268369227,7.926710896566108,5.890815138958052,-0.81,20.7
175,1,0.2633680106207813,-1.3830675499937468,7.916114578672684,6.218998446723485,-0.89,34.3
175,2,0.6045247442037466,-1.529464736638256,7.934477646621922,6.398428531339882,-0.79,33.6
176,1,-0.3352104456992006,-0.6114323787216437,7.9253382623381645,5.921846480227112,-0.58,26.8
176,2,0.07877037307402925,-0.6053324959447892,7.946582176914209,6.516193076042964,-0.43,28.8
177,1,-1.4629687963198692,-0.3186380054326247,7.997932088829145,6.02707297457535,0.02,23.6
177,2,-1.0959303321117924,-0.38421174528381125,8.0104591855535,6.56625039983285,-0.11,25.1
178,1,1.485518555285974,0.22882647379007268,7.85142768759751,5.38541207339897,-1.11,30.5
178,2,2.0441325746112975,0.4118229570957101,7.876258882303226,6.051853847120766,-0.5,34.2
179,1,0.5440071681832647,-0.6541315581596258,7.889646467940241,6.023447592961033,-0.74,34.2
179,2,0.9885639530381214,-0.8508527777131855,7.923891345826008,6.180430646620605,-0.58,36.9
180,1,1.2312686132628197,-1.1451721216964184,7.908350393908322,4.9279780604152466,-0.87,24.6
180,2,1.779479191846677,-1.2930942790351418,7.888409516679577,4.651099117876491,-1.35,30.6
181,1,0.8189371204607977,-2.0296551243403305,7.90052545456151,5.796665468802915,-0.81,37.7
181,2,1.094882042566766,-2.1348781022410717,7.902080549661633,6.884895984836055,-1.58,38.9
182,1,0.0431195578502238,-0.4269109247217929,7.896775891020153,5.633717600207914,-0.49,40.0
182,2,0.5478133050398989,-0.43453577819286116,7.911617231104436,5.810242385757328,-0.93,40.5
183,1,-0.11940248592804995,-0.39488654014330676,7.85995354919471,5.926392550364267,-1.0,28.1
183,2,0.39810525534562635,-0.5428086974820299,7.892452043520352,6.4768185049003035,-0.44,31.6
184,1,-0.08831903493220508,-0.8325531293826216,7.953634640998043,5.464678903763262,-0.16,23.3
184,2,0.06506828039014705,-0.8569526604900399,7.984326436773366,5.710095836712793,-0.12,24.5
185,1,0.11530928689771659,-0.7227552393992396,7.917427058353599,6.0292419114420115,-0.74,28.2
185,2,0.6241897846296884,-0.7913789206388533,7.947501814783211,6.048081147526878,-0.74,30.5
186,1,-0.38405586869267067,-0.6739561771844029,7.957457396280239,5.1422481808981475,0.6,16.8
186,2,-0.2854769241058491,-0.6099074080274303,7.95749239986811,5.4053764388414445,0.34,17.2
187,1,0.35002105972348313,0.024480400765444697,7.86172707782398,5.839478190110101,-1.11,31.9
187,2,0.8219820299461051,-0.06701784088737349,7.868675148999497,6.537850346272523,-1.01,33.1
188,1,0.2628605257065628,-0.7913789206388533,7.830385871402472,5.161924741642482,-0.37,27.2
188,2,0.5753443616362184,-0.9118516054817314,7.873673919258109,6.029482614295503,-0.39,27.8
189,1,-0.28319324199186857,-0.7944288620272806,7.9023764842622475,6.105462651161393,-0.75,25.5
189,2,0.10135345175672515,-0.78985394994464,8.01948120679563,6.480811139196849,-1.1,27.3
190,1,0.24395671265194693,-0.6724312064901896,7.8772454873238695,5.991214515852772,-0.43,27.6
190,2,0.5459102366115818,-0.6221071735811392,7.904888398700393,5.883322388488279,-0.07,31.2
191,1,0.5580898745528103,-1.1771965062749048,7.788004239509027,6.048789613727251,-0.24,35.6
191,2,0.903306487449519,-1.1787214769691188,7.828953947208875,6.574517804870854,-0.33,38.6
192,1,-0.9856792344979595,-0.5046844301266888,7.86733535895469,5.590613776550563,0.65,35.8
192,2,-0.6924798253085832,-0.7059805617628896,7.919937839651859,5.523059639225943,0.34,36.6
193,1,1.8257871902690581,-0.4802848990192705,7.833719075551979,5.755742213586912,-1.24,25.0
193,2,2.063417001351577,-0.6099074080274303,7.820118307518312,6.393590753950631,-0.92,25.9
194,1,0.9923700898947556,-1.636212685233211,7.786427213949783,6.428912701069197,-0.67,25.4
194,2,1.447584057948188,-1.8192091685388478,7.821201970404557,6.6305514508179835,-0.49,25.2
195,1,1.1727809768992101,-1.7688851356297977,7.758803241794355,5.428468051013081,0.16,18.4
195,2,1.5701416647318045,-1.8390337875636253,7.7928029911163605,5.884157694119473,0.54,16.1
196,1,2.568110748541252,-1.8070094029851387,7.789164668998109,5.871836059652451,0.39,31.3
196,2,2.8920129950408096,-1.8161592271504208,7.7982768189623295,6.183942684111306,-0.12,36.5
197,1,1.9709278757353696,-1.142122180307991,7.874967236034678,5.4169888962655355,-0.22,42.5
197,2,1.5989414336136685,-0.9133765761759448,7.966552010945948,0.0,0.5,47.2
198,1,1.332765596106394,-1.9930558276792032,7.800490751234755,5.790265934544339,-0.81,12.4
198,2,1.7609559924777245,-1.9107074101916666,7.814601552028292,5.979897910736517,-0.75,14.2
